brand,provider
Old Times,1
&Nada,2
San Mateo,3
San Luis,4
Naturale,1
Oreo,2
Snickers,3
Coca Cola,4
Dona Pepa,1
220 V,2
Volt,3
Red Bull,4
Picaras,1
Inca Kola,2
Kit Kat,3
Powerade,4
Princesa,1
Skittles,2
Sporade,3
Winters,4
Four Loko,1
Smirnoff,2
Pilsen,3
Becks,4
San Carlos,1
Dos Caballos,2
2 Cerritos,3
Riccadonna,4
Gatorade,1
Evervess,2
Kidia,3
Tocornal,4
Valdivieso,1
Carmenere,2
Pinot,3
Pepsi,4
Corona,1
Coronita,2
Cristal,3
Astica,4
Dalton,1
Florencia,2
Navarro Correas,3
Tacama,4
Barbarian,1
Hersheys,2
Budweiser,3
Cusquena,4
Stella Artois,1
Enfagrow,2
Schweppes,3
Slow Cow,4
3 Ositos,1
Britvic,2
Cuatro Gallos,3
Ajinomen,4
7Up,1
Alacena,2
Tari,3
Florida,4
A-1,1
Abedulce,2
Absolut,3
Abuelo,4
Goody,1
Ace,2
Bioselva,3
Australian Gold,4
Cheff,1
Cocinero,2
Costeno,3
Gatti,4
Olivos Del Sur,1
Mazola,2
Pam,3
Salad,4
Wesson,1
Cocolife,2
Mi Tierra,3
Candela,4
Peruvian,1
Shiwi,2
Basso,3
Bell's,4
Ideal,1
Sao,2
Green House,3
Acaville,4
Carbonell,1
Coosur,2
El Club Del Gourmet,3
El Corte Ingles,4
El Olivar,1
Bella Union,2
Helty,3
Huerto Alamein,4
La Organic Cuisine,1
Lovascio,2
Mantova,3
Primor,4
Valdeporres,1
Wong,2
Maxxomega,3
Erza,4
Nutriomega,1
Balanze,2
Soya,3
Elvive,4
Eco Valle,1
Naturally Divine,2
Johnsons,3
Nicolini,4
Dei Olei,1
Organix,2
Dr Zaidman,3
Hask,4
SM,1
Alpa,2
Capri,3
Tondero,4
Huerto Mejia,1
Maestranza,2
Olivalle,3
Cale,4
Don Miguel,1
Verde Puro,2
La Florencia,3
Boreal,4
Brixil,1
Diamante,2
Aconcagua,3
Bioexpert,4
Capilatis,1
Koleston,2
Creightons,3
Dove,4
Fructis,1
Head & Shoulders,2
Herbal Essences,3
John Frieda,4
Kativa,1
Konzil,2
Pantene,3
Ammens,4
Simonds,1
Tuinies,2
Pert,3
Petal Fresh,4
Revlon,1
Richemond,2
Savital,3
Sedal,4
Tio Nacho,1
Tonno,2
Tresemme,3
Act II,4
Actiavena,1
Piki,2
Sam Wong,3
Adidas,4
Adolfo Dominguez,1
Advantage,2
Advantix,3
Agrado,4
Aval,1
Bahia,2
Hawaiian Tropic,3
Nivea,4
Agatha Ruiz de la Prada,1
Agnolotti,2
Cielo,3
Glacial,4
Benedictino,1
Evian,2
Terrafertil,3
Cabreiroa,4
Acqua Panna,1
Icelandic,2
Laive,3
Loa,4
San Benedetto,1
San Pellegrino,2
Vida,3
Yaqua,4
Fresh Life,1
Lacroix,2
Garnier,3
La Roche Posay,4
Loreal,1
Neutrogena,2
Ponds,3
Andea,4
Perrier,1
Ferrarelle,2
Natia,3
Socosani,4
Voss,1
Alkofarma,2
Acqua Cbenesser,3
Aquarius,4
Frutaris,1
Disney,2
Backus,3
Canada Dry,4
Fentimans,1
Fever Tree,2
Mr Perkins,3
Antioqueno,4
Ainhoa,1
4 Estaciones,2
Tresa,3
Libby's,4
Walibi,1
Pride,2
Ferymar,3
Sibarita,4
Karino,1
Tona,2
Badia,3
Alaska,4
Linea Verde,1
Gran Danubio,2
Valle Alto,3
Oregon Foods,4
Omygod,1
Avant Garde,2
Cell Skin,3
Instant Clean,4
Moncler,1
Nex,2
Casa Grande,3
Ckf,4
Purol,1
Arcor,2
Bon O Bon,3
Tinkay,4
Coppon,1
Farmaprecio,2
Sterilab,3
Dog Chow,4
Chicolac,1
Gloria,2
Cat Chow,3
Whiskas,4
Felix,1
Naturalis,2
Pedigree,3
Kraft,4
Valle Fertil,1
Alma Mora,2
Villa Natura,3
Amor,4
Niagara,1
Altomayo,2
Altos,3
Abrazos,4
Febreze,1
Air Wick,2
Glade,3
Sapolio,4
Paraiso,1
Poett,2
Ambrosoli,3
Ambrujos,4
Garota,1
Babaria,2
Placenta Life,3
Vitane,4
Angel,1
Angostura,2
Durex,3
Anis del Mono,4
Anis Najar,1
Codorniu,2
Antagonic,3
Cif,4
Mr Musculo,1
Frontline,2
Plop,3
Tilin,4
Old Spice,1
Dermoaclarant,2
Rexona,3
Isana,4
Antonio Banderas,1
San Fernando,2
Aperol,3
Vittafresh,4
Vitta Fresh,1
Appleton,2
Fest,3
Nature's Heart,4
Iqf Berries,1
Calming,2
Klinkat,3
Cool Cat,4
Dear Cat,1
Mitzi,2
Purina,3
Tidy Cats,4
Royal,1
Ariel,2
Aro,3
Paisana,4
Scotti,1
Recanto,2
Universal,3
Rompe Olla,4
Faraon,1
Vitamore,2
Pacasmayo,3
Valle Norte,4
Molino Rojo,1
Bircher Benner,2
Don Norteno,3
Somos Del Norte,4
Green Food,1
Mass,2
El Buen Corte,3
Asea-T,4
Asepxia,1
Campomar,2
Real,3
Santa Catalina,4
Quaker,1
Grano de Oro,2
Huella Verde,3
Campos de Vida,4
Naturandes,1
Axe,2
Ayudin,3
Carmencita,4
Cartavio,1
Dulfina,2
Incauca,3
Peruvian Health,4
Fleischmann,1
Fratello,2
Maxima,3
Peru Lindo,4
Azucar Cartavio,1
La Siembra,2
B&D,3
Babylac,4
Pronatal,1
Caxamar,2
Bacardi,3
Baci,4
Baileys,1
Ballantines,2
Ballerina,3
Veet,4
Depile,1
Otis Spunkmeyer,2
Umi Food,3
Nadu,4
Barcelo,1
Bardinet,2
Morochas,3
Pirucream,4
Sanatti,1
La Iberica,2
Batti Mix,3
Bauducco,4
Bio,1
Cafe Ole,2
Caffe,3
Cifrut,4
Vera Sappe,1
Dietmil,2
Silk,3
Natrue,4
Natura,1
Orasi,2
Aloe Gloe,3
Houssy,4
L'Onda,1
Ecco,2
Baggio,3
Pulp,4
La Preferida,1
Frugos,2
Lipton,3
Monster,4
Kero,1
Fru+,2
Maltin Power,3
Clight,4
Tang,1
Zuko,2
Milo,3
Electrolight,4
Tampico,1
Watt's,2
Beefeater,3
Benetton,4
Benjamin,1
Betty Crocker,2
Kiwi,3
Griffin,4
Ninet,1
Avent,2
Evenflo,3
Nuk,4
Big Cola,1
Bimbo,2
Biosunqu,3
Blanca Flor,4
Artesco,1
Alpha,2
Arco Iris,3
Modigliani,4
Faber-Castell,1
Macedonia,2
Minerva,3
Stanford,4
Banana Boat,1
Tanga,2
Blu,3
Doguitos,4
Pilot,1
Stabilo,2
Staedtler,3
Bolivar,4
Super Bag,1
Virutex,2
Bombay,3
Helena,4
Ferrero,1
Bravi,2
Costa,3
Cuore,4
Belgian,1
Di Perugia,2
Montevergine,3
Grand Prix,4
Lindt,1
Ole Ole,2
Nestle,3
Sublime,4
Bonle,1
Class&Work,2
Vinifan,3
Botran,4
Braza,1
Brewdog,2
Inti,3
Glow,4
Qaya,1
Frontera,2
Casillero Del Diablo,3
Caballero De La Cepa,4
U-Gee,1
Cabo Blanco,2
Nescafe,3
Artidoro Rodriguez,4
Colcafe,1
Kirma,2
Maria Huallaga,3
Monteutz,4
Cafe 1820,1
Cafetal,2
Zena,3
Puma Tostado,4
Sello Rojo,1
Compadre,2
Villa Rica,3
Willka,4
Starbucks,1
Cafe Del Fundo,2
Alejos,3
Shuti,4
Tunki,1
Dona Gusta,2
Carter,3
Inka Chips,4
Cheetos,1
Candelaria,2
Alida Chiang,3
Canonazo,4
Cantdisoav,1
Capitan Morgan,2
Menthoplus,3
Clorets,4
Push Pop,1
Bubbaloo,2
Cocorocos,3
Halls,4
Jelly Belly,1
Mentos,2
Mike And Ike,3
Nerds,4
Quipitos,1
Ricola,2
Ring Pop,3
Sayon,4
Starbust,1
Storck,2
Tic Tac,3
Werther's,4
El Negrito,1
Arti,2
Montepulciano,3
L&M,4
Marlboro,1
Anthaix,2
Dgnottas,3
NA,4
Gillette,1
Casino,2
Brut,3
Freixenet,4
Cavit,1
Colgate,2
Kolynos,3
Wawita,4
Oral-B,1
Dr Browns,2
Sensodyne,3
Sensofluor,4
Aquafresh,1
Dento,2
Oral B,3
Pro,4
Easy Shine,1
Tekno,2
Emperatriz,3
La Oca,4
Binner,1
Chema,2
Life For Men,3
The Barberia,4
Heineken,1
Age,2
All Inklusive,3
Ummana,4
Cereal Bar,1
Bhakti,2
Maca,3
Noglut,4
Santivieri,1
Chocapic,2
Kelloggs,3
Cosecha Del Paraiso,4
Crosoy,1
Cuzco Mara,2
Q Foods,3
Vitaplus,4
Nutribars,1
Fitness,2
Flips,3
General Mills,4
Golden Foods,1
Govinda,2
Inca Sur,3
Kiwigen,4
Casa Marimiel,1
La Cosecha,2
McCallum's,3
Nature Valley,4
Andean Bites,1
Peru Inka,2
La Purita,3
Post,4
Salvamix,1
Schar,2
Special K,3
Union,4
Vidachia,1
Kunstmann,2
Curaka,3
Maddok,4
Sierra Andina,1
Ausangate,2
Bitburger,3
Chimay,4
Darguner,1
Delirium,2
Doble Filo,3
Duvel,4
Erdinger,1
Estrella,2
Golden,3
Grolsch,4
Grunn,1
Hidromiel,2
Pale Ale,3
Damm,4
Innis & Gunn,1
Inti Golden,2
Jack Vled,3
Kaufman,4
Kaufmann,1
Koperwiek,2
La Chouffe,3
Magdalena,4
Pilsener,1
Mecklenburger,2
Michelob,3
Oettinger,4
Paulaner,1
Peroni,2
Pilsner,3
Polar,4
Porter,1
San Juan,2
Sapporo,3
Schofferhofer,4
Singha Lager,1
Top Beer,2
Tres Cruces,3
Gold Fusion,4
Paccu,1
Don Hongo,2
La Hortelana,3
President,4
Cheese Tris,1
Boogie Ice,2
Topline,3
Trident,4
Chiclets,1
Karinto,2
Piscano,3
Tabernero,4
Wasska,1
Chin Chin,2
Chips Ahoy,3
Chivas,4
Chizitos,1
Peru Organico,2
Chocman,3
Choco Soda,4
Toblerone,1
Cacaosuyo,2
Alpen,3
Amaz,4
Negusa,1
Cadbury,2
Chocofun,3
Cofler,4
Triangulo,1
Kinder,2
Ritter,3
Montblanc,4
Feelings,1
Fontessa,2
Frankonia,3
Garoto,4
Kisses,1
Milky,2
Innato,3
Sol del Cusco,4
Jubileu,1
M&M,2
Lind,3
Loacker,4
Mecano,1
Milka,2
Milky Way,3
Monetta,4
Myrose,1
Orquidea,2
Perugina,3
Reeses,4
Sapito,1
Twix,2
Vizzio,3
Valdelice,4
Chocolisto,1
Globo Pop,2
Bom Bom Bum,3
Picolines,4
Cicatricure,1
Pall Mall,2
Lucky Strike,3
Pitana,4
Fogg,1
Springfield,2
Kent,3
Hamilton,4
Winston,1
Cil,2
Pegafan,3
Cinzano,4
Vermouth,1
Clear,2
Clorox,3
Clos,4
Club Social,1
Piccoli,2
Arica,3
Fruto de Oro,4
Solei,1
Bali,2
Cointreau,3
Agu,4
Heinz,1
Vitagel,2
Ragazza,3
Baby,4
Biotec,1
Heno De Pravia,2
Muss,3
Chupetin,4
Marina,1
Bod Man,2
Precious Secrets,3
Amigo,4
Pet Care,1
Natur,2
Body Fantasies,3
Drowa,4
Jean Nate,1
Pyns,2
Sexiest Fantasies,3
Spring Flowers,4
Tropiclean,1
Havana Club,2
Peziduri,3
Sin Parar,4
Frio Rico,1
Ricocat,2
Ricocan,3
Fancy Feast,4
Mimaskot,1
Rambala,2
Friskies,3
Gati Sabor,4
Origens,1
Supercat,2
Ricocrack,3
Thor,4
Canirufus,1
Don Fermin,2
Gnawlers,3
Hartz,4
Nutrican,1
Vital,2
Supercan,3
Compass,4
Ensure,1
Pediasure,2
Pvm,3
Sustagen,4
Go Barman,1
Alpina,2
Gerber,3
Concha Y Toro,4
Concordia,1
Five,2
Casa Verde,3
Del Monte,4
Fanny,1
Frescomar,2
Helios,3
Hengstenberg,4
La Selecta,1
Old El Paso,2
Santis,3
Shurfine,4
Tonnino,1
Copa K-Bana,2
Pepelma,3
Poly,4
Cousino Macul,1
Crackelet,2
Acnomel,3
Portugal,4
Desitin,1
Suavicel,2
Nutribela,3
Eucerin,4
Hinds,1
Palmolive,2
St Ives,3
Nutella,4
Maggi,1
Lea,2
Misky,3
Close Up,4
Crest,1
Dentito,2
Parodontax,3
Totaldent,4
Vitis,1
Dentalpaw,2
Etiquet,3
Hidraderm,4
Olay,1
Teatrical,2
Cetaphil,3
Knorr,4
Manty,1
Aquamarine,2
Dr Teals,3
Palmers,4
Biotin,1
Philadelphia,2
Off,3
Fibra Light,4
Crush,1
Andes,2
Justus,3
College,4
Standford,1
Surco,2
Nuby,3
Darnel,4
S&B,1
Shakira,2
Danlac,3
Danzka,4
Gran Reserva,1
Del Firme,2
Secret,3
Geomen,4
Speed Stick,1
Lady Speed Stick,2
Deo Pies,3
Buk-Al,4
Freshmint,1
Hi&Dri,2
Chia Peru,3
Hi & Dri,4
Caricia,1
Opal,2
Skip,3
Frosch,4
Dreft,1
Tide,2
Doglicious,3
Emilia,4
Dono Sandwich,1
D'Onofrio,2
Dolcetto,3
Doritos,4
Downy,1
Ducca,2
Duracell,3
Del Campo,4
Dyfferent,1
E. Copello,2
Ecofresh,3
El Coto,4
El Enemigo,1
Elite,2
Emolan,3
Atomic,4
BIC,1
Clipper,2
Enfamil,3
Listerine,4
Oral Fresh,1
Gascon,2
Dos Flores,3
El Huerto,4
Espolon,1
Anna,2
Canti,3
Chandon,4
Delice,1
Cristalino,2
Dolce Bianco,3
Copello,4
Finca,1
Intipalka,2
Juve Y Camps,3
Juve&Camps,4
Las Moras,1
Martini,2
Mercier,3
Montesierpe,4
Napoleon,1
Nvy,2
Panaka,3
Perelada,4
Platino Flowery,1
Plantino,2
Santiago Queirolo,3
Rosa Salvaje,4
Santa Julia,1
Senorio De Najar,2
Sperone,3
Vittoria,4
Zonin,1
Estancia Mendoza,2
Fanta,3
Fernet Branca,4
Field,1
Santorini,2
Redondos,3
Avinka,4
Negrita,1
Flor De Cana,2
Gallo,3
Nan,4
Enfacare,1
Nido,2
Similac,3
Colacao,4
Nesquik,1
Del Valle,2
Free Tea,3
Frito Lay,4
Frutisimos,1
Fuze Tea,2
Baby Mum,3
Choco V,4
Charada,1
Choko Soda,2
San Jorge,3
Cream Crackers,4
Line,1
Gran Cereal,2
Hony Bran,3
Jules Destrooper,4
Kraker,1
Colombina,2
Paciencia,3
Pepperidge,4
Ritz,1
Pitacrips,2
Tentacion,3
Soda V,4
Caribou,1
Choco Donuts,2
Chokis,3
Renata,4
Danesita,1
Kupiec,2
Dore,3
San Roque,4
Glacitas,1
Rellenitas,2
Gullon,3
Del Paraiso,4
Wonderful,1
Margarita,2
Marquesitas,3
Nutri Dei,4
Salmas,1
Sanissimo,2
Toddler Mum,3
Travesuras,4
Voortman,1
Walkers,2
Want Want,3
La Fondosa,4
Cassinelli,1
Dr Pepper,2
Guarana,3
H2Oh,4
Kola Inglesa,1
Kola Real,2
Mountain Dew,3
Oro,4
Sprite,1
Sunkist,2
Viva,3
Frozen,4
Minions,1
Sebamed,2
Bioderma,3
Siluet 40,4
Schick,1
Bambo Nature,2
Daina,3
Instituto Espanol,4
Protex,1
Denture,2
Ego,3
Moco De Gorila,4
Bioclean,1
Tanqueray,2
Bulldog,3
Citadelle,4
Gin'Ca,1
Greenalls,2
Hendricks,3
JJ Whitley,4
La Republica,1
Malfy,2
Masters,3
Puerto De Indias,4
The London,1
Indie Spirit,2
Tourgee,3
Whitley Neill,4
Glenfiddich,1
Uhu,2
Grissly,3
Trolli,4
Gran Tinto,1
Old Parr,2
Sanua,3
Life,4
Grants,1
Grey Goose,2
Otto Kunz,3
Hansaplast,4
Alicorp,1
Favorita,2
Nutrimix,3
Terra Sana,4
La Casa Marimel,1
P.A.N.,2
Tarwicorp,3
Molitalia,4
Duryea,1
Harpic,2
Artika,3
Casty,4
Haagen Dazs,1
Tornado,2
Veggie Lift,3
Hellmanns,4
Aqcua Ice,1
Gourmet Frozz,2
Iglu,3
Repshop,4
Sky Ice,1
Lactacyd,2
Nosotras,3
Tippys,4
Hit,1
Don Nico,2
Lay's,3
Pringles,4
Braedt,1
Suiza,2
Plenitud,3
Tena,4
Renacer,1
Sunka,2
Practican,3
Campeon,4
Dicol,1
Raid,2
Vape,3
Diclotrin,4
Baygon,1
Mdtech,2
Mr Garden,3
Johnnie Walker,4
Cocoon,1
Acnipop,2
Neko,3
Camay,4
Belnatur,1
Glici,2
Dermex,3
Hello Kitty,4
Spa,1
Dr Kaufmann,2
Bacterion,3
Detox,4
Grisi,1
Marsella,2
Jack Daniels,3
Jagermeister,4
Burgos,1
Vargas,2
Vina Santa,3
John Barr,4
Jose Cuervo,1
Frische,2
Franco's Juices,3
Frutalia,4
Ocean Spray,1
V8,2
Difruta,3
Campbells,4
King Fruits,1
Selva,2
Sline,3
Kallpafe,4
Hunt's,1
Luren,2
Ayni,3
Something Special,4
Kola Escocesa,1
La Linda,2
La Mancha,3
Jumbo,4
Emiliana,1
Leaf Tea,2
Anchor,3
Soy Vida,4
Bella Holandesa,1
Sbelt,2
Monteagle,3
Parmalat,4
Plusa,1
Vakimu,2
Pura Vida,3
Vigor,4
Delisalad,1
Clorina,2
La Frondosa,3
Coquito,4
Lillet,1
Campari,2
Irish,3
Sheridans,4
Beautiful Whisky,1
Grand Marnier,2
Luxardo,3
Mr Jigger,4
Lobos,1
Biocres,2
Isdin,3
Los Arboles,4
De Las Heras,1
Malibu,2
Personna,3
Sharpie,4
Marques De Riscal,1
Guandy,2
Millows,3
Ricolina,4
El Ombu,1
Freeman,2
Beology,3
3M,4
Delga-C,1
Hellmann's,2
Menayo,3
Menoyo,4
Walabi,1
Medellin Anejo,2
Garcia Baquero,3
Mega,4
Bonne Maman,1
Crema&Nata,2
St Dalfour,3
Danish Garden,4
Hoja Redonda,1
Delgac,2
D'Marco,3
La Veronica,4
Katzel,1
Ajinomix,2
La Reyna Oxapampa,3
Queen Bee's,4
Vitamiel,1
Spitze,2
Mike's,3
Mil Olivos,4
Milkito,1
Milkunz,2
Estrella Galicia,3
Visconti,4
Misiones De Rengo,1
Monti Trentini,2
Grey Poupon,3
Maille,4
Jumex,1
Waylla,2
Welchs,3
Nieto Senetiner,4
Nitro Tech,1
Norton,2
Post-It,3
OB,4
OCB,1
Ocucaje,2
Olitambo,3
Vina Vieja,4
Igora,1
La Caravedo,2
Russkaya,3
Cheesetris,4
Pyc,1
Arawi,2
Don Mamino,3
Molinos Del Mundo,4
Mestemacher,1
Huggies,2
Cotidian,3
Babysec,4
Pampers,1
Premium,2
Buon Natale,3
Tambo,4
Santa Clara,1
Todinno,2
Mc Cain,3
Reynolds,4
U-Thil,1
Atlas,2
Xerox,3
Wonder Wrap,4
Simply Done,1
Suave,2
Higienol,3
Kleenex,4
Noble,1
Paracas,2
Clin,3
Buzios,4
Basa,1
Valle Natura,2
Pedialyte,3
Packhams,4
Pet Life,1
Pintek,2
Rapidex,3
Cricket's,4
Piqueo Snax,1
1615,2
Biondi,3
Centenario,4
Delixir,1
Demonio de los Andes,2
Don Santiago,3
El Sarcay de Azpitia,4
Ferreyros,1
Gran Demonio,2
Huamani,3
La Botija,4
Lablanco,1
Pago De Los Frailes,2
Pancho Fierro,3
Porton,4
Gran Medalla,1
Vinas de Oro,2
Sol de Ica,3
Tres Generaciones,4
Patricia Plevisani,1
Il Pastificio,2
Pamolsa,3
Ecologics,4
Palmitos,1
Artline,2
Layconsa,3
Phillips,4
Climax,1
Piel,2
Prudence,3
Unidus,4
Gents,1
Luvat,2
Zensex,3
Pro Plan,4
Always,1
Carefree,2
Kotex,3
Ladysoft,4
Anthelios,1
PS4,2
Snack Pack,3
El Frutero,4
La Matilde,1
Auricchio,2
Tres Oscos,3
Floralp,4
Duman,1
Bonnevache,2
Alpenhain,3
Petitpatre,4
Welcome,1
Chugur,2
Axelrod,3
Quescrem,4
Untadelli,1
Violife,2
Entremont,3
Paysan Breton,4
Milkana,1
Zanetti,2
La Campesina,3
Maese,4
La Paulina,1
Crystal Farms,2
La Grande,3
Uno,4
Serenisima,1
Andina Crops,2
Ecoandino,3
Urqu,4
Cutex,1
Dr Beckmann,2
Vanish,3
Dersa,4
Seko,1
Quitoso,2
Raymi,3
Aruba,4
Livean,1
Premier,2
Stop,3
Magic Retouch,4
Schwarzkopf,1
Santa Teresa,2
Captain Morgan,3
Diplomatico,4
Jamaican Club,1
Kankun,2
Kingston,3
Medellin,4
Estrella del Norte,1
Plantation,2
Pomalca,3
Prohibido,4
Viejo de Caldas,1
Zacapa,2
Briones,3
Ruca Malen,4
Rutini,1
Biosal,2
Emsal,3
Natural Crystal,4
Onza,1
2 Banderas,2
Capo Di Pasta,3
Pomarola,4
Lea&Perrins,1
Tabasco,2
Sangre De Toro,3
Lolea,4
Santa Ana,1
Septima,2
Allercalm,3
Lambdapil,4
Vivapil,1
Cocovena,2
Fisher Price,3
Be Natural,4
Medicasp,1
Bobby,2
Efectivon,3
Pilexil,4
Placenta,1
Sebocalm,2
Ajinosillao,3
Lee Kum Kee,4
Maruchan,1
Cup Noodles,2
Japanese Choice,3
Korean Choice,4
Nissin,1
Thai Choice,2
Top Ramen,3
Soviet,4
Stolichnaya,1
Suavitel,2
Playtex,3
Arizona,4
Herbi,1
Hornimans,2
McColin's,3
Saint Gottard,4
Hornimas,1
Conde Grey,2
Stash Tea,3
Twinings,4
Sen,1
Mlesna,2
El Jimador,3
Jimador,4
Olmeca,1
Sauza,2
Vick,3
Tutest,4
DLA,1
Palette,2
Excellence,3
Casting,4
Just For Men,1
Recamier,2
Luminance,3
Soft Color,4
La Casera,1
D'Mujer,2
Stayfree,3
Incatom,4
Delaviuda,1
Tortees,2
Imac,3
Hude,4
Scotch Brite,1
Eterna,2
Trapiche,3
Trivento,4
Trixie,1
Ultramyosyn,2
Usams,3
Botiplast,4
Vat 69,1
Giuseppe Cremonini,2
Firme,3
Venturo,4
Daesang,1
Jerez,2
Manzanares,3
Ranch,4
Alamos,1
Aliwen,2
Altas Cumbres,3
Alto Los Romeros,4
Altos Las Hormigas,1
Amore De Ica,2
Animal,3
Arienzo,4
Barefoot,1
Black Tower,2
Alta Vista,3
Convento,4
Blanco de Blancos,1
Blanco de las Vinas,2
Dona Paula,3
Esquinas,4
Fizzy,1
La Escondida,2
Los Haroldos,3
Marieta Albarino,4
Marques De Caceres,1
Zumuva,2
Bodega Norton,3
Broquel,4
Trumpeter,1
Callia,2
Casa Silva,3
Casas Patronales,4
Castillo de Molina,1
Castillo Perelada,2
Catena Zapata,3
Catena,4
Cicchitti,1
Coto De Imaz,2
Cremaschi,3
Crios,4
Dark Horse,1
Vineyards,2
Martino Estate,3
De Martino,4
Fin del Mundo,1
Don Manuel,2
Don Matias,3
Don Nicanor,4
Eguren,1
Eguren Ugarte,2
El Circulo,3
Errazuriz,4
Escorihuela Gascon,1
Zuccardi,2
Finca La Linda,3
Finca Las Moras,4
Finca Rotondo,1
Fundo del Parral,2
Fuzion,3
Gato,4
Gato Negro,1
Gran Mascota,2
Humberto Canale,3
J Bouchon,4
Kaiken,1
La Mas Bonita,2
La Mascota,3
Lagarde,4
Lan,1
Las Mulas,2
Syrah,3
Los Alamos,4
Los Cardos,1
Los Molinos,2
Luigi Bosca,3
Marques de Casa Concha,4
Martin Codax,1
Mascota,2
Mateus,3
Miguel Torres,4
Montes Alpha,1
Montes,2
Montgras,3
Mosquita Muerta,4
Oveja Negra,1
Pascual Toso,2
Pata Negra,3
Paula,4
Pequena Vasija,1
Portillo,2
Postales Del Fin,3
Protos,4
Resero,1
Riccitelli,2
Riscal,3
Robert Mondavi,4
Chianti,1
Salentein,2
San Pedro Castillo de Molina,3
Santa Carolina,4
Terrazas,1
Angelica Zapata,2
Caballo Loco,3
Cono Sur,4
Herencia,1
Laderas de los Andes,2
Matarromera,3
Mauricio Lorca,4
Mistrosanti,1
Opi,2
Pesquera,3
Rocas Viejas,4
Sombrero,1
Sottano,2
Tomero,3
Viu Manent,4
Undurraga,1
Vicentin,2
Vinas Altas,3
Viniterra,4
Woodbridge,1
Belvedere,2
Ciroc,3
Finlandia,4
Kiev,1
Lithuanian,2
Magnifique,3
Froggy,4
Pravda,1
Skyy,2
Titos,3
Wyborowa,4
Watts,1
100 Pipers,2
Wild Turkey,3
Buchanan's,4
James Alexander,1
Jameson,2
Passport,3
Sandy Mac,4
Swing,1
Glenlivet,2
The Singleton,3
White Horse,4
William Lawsons,1
Wild,2
Liebig,3
Rosamonte,4
Yofresh,1
Go Fresh,2
La Abuela,3
Damatta,4
Tigo,1
Miskylac,2
Slim,3
Yoleit,4
Yomost,1
Yopi,2
Dole,3
Zoetis,4
